species;BER_carrelet_18;BER_carrelet_18;BER_carrip_18;BER_carrip_18;BER_claphp_18;BER_claphp_18;BER_lacrip_18;BER_lacrip_18;BER_lactor_18;BER_lactor_18;EYCH_meleze_18;EYCH_meleze_18;EYCH_torr1_18;EYCH_torr1_18;EYCH_torr2_18;EYCH_torr2_18;STANDRE_arpont_18;STANDRE_arpont_18;STANDRE_plah_18;STANDRE_plah_18;STANDRE_plabABCD_18;STANDRE_plabABCD_18;STANDRE_plabEFGH_18;STANDRE_plabEFGH_18;VALL_glabl_18;VALL_glabl_18;VALL_morba_18;VALL_morba_18;VALL_morhautABC_18;VALL_morhautABC_18;VALL_morhautDE_18;VALL_morhautDE_18;VILL_bas_18;VILL_bas_18;VILL_haut_18;VILL_haut_18;BER_carrelet_21;BER_carrelet_21;BER_carrip_21;BER_carrip_21;BER_claphp_21;BER_claphp_21;BER_lacrip_21;BER_lacrip_21;BER_lactor_21;BER_lactor_21;EYCH_meleze_21;EYCH_meleze_21;EYCH_torr1_21;EYCH_torr1_21;EYCH_torr2_21;EYCH_torr2_21;STANDRE_arpont_21;STANDRE_arpont_21;STANDRE_plah_21;STANDRE_plah_21;STANDRE_plabABCD_21;STANDRE_plabABCD_21;STANDRE_plabEFGH_21;STANDRE_plabEFGH_21;VALL_glabl_21;VALL_glabl_21;VALL_morba_21;VALL_morba_21;VALL_morhautABC_21;VALL_morhautABC_21;VALL_morhautDE_21;VALL_morhautDE_21;VILL_bas_21;VILL_bas_21;VILL_haut_21;VILL_haut_21
Achillea nana;;0;;0;;0;;0;;0;;0;;0;;0;;0;;0;;0;;0;;0;;0;8%;1;;1;1%;1;;0;;;;;;;;;;;;0;;0;;0;;;;;;;;;;0;;0;3;1;;0;1;1;;0
Achnatherum calamagrostis;;0;;0;;0;1%;1;;0;;0;;0;;0;;0;;0;;0;;0;;0;;0;;0;;0;;0;4%;1;;;;;;;;;;;;0;;0;1;1;;;;;;;;;;0;;0;;0;;0;;0;;0
Agrostis alpina;;0;;0;;0;;0;;0;;0;;0;;0;;0;;0;;0;;0;;0;;0;;0;;0;;0;;0;;;;;;;;;;;;0;;0;;0;;;;;;;;;;0;;0;;0;;0;;0;6;1
Agrostis rupestris;;0;;0;;0;;0;;0;;0;;0;;0;;0;;0;;0;;0;;0;;0;;0;;0;;0;;0;;;;;;;;;;;;0;;0;;0;;;;;;;;;;0;;0;+;1;+;1;6;1;;0
Agrostis sp. ;;0;;0;;0;;0;;0;3%;1;;0;;0;;0;;0;;0;;0;;0;1%;1;;0;;0;;0;;0;;;;;;;;;;;;0;;0;;0;;;;;;;;;;0;;0;;0;;0;;0;;0
Ajuga sp. ;;0;;0;;0;;0;;0;;0;;0;;0;;0;;0;+;1;;0;;0;;0;;0;;0;;0;;0;;;;;;;;;;;;0;;0;;0;;;;;;;;;;0;;0;;0;;0;;0;;0
Alchemilla alpigena;;0;;0;;0;;0;;0;;0;;0;;0;;0;;0;;0;;0;;0;;0;;0;;0;;0;;0;;;;;;;;;;;3;1;;0;;0;;;;;;;;;+;1;;0;1;1;10;1;;0;;0
Alchemilla sp.;;0;;0;;0;;0;;0;3%;1;;0;;0;2%;1;;0;2%;1;;1;;0;;0;1%;1;2%;1;;0;;0;;;;;;;;;;;;0;;0;;0;;;;;;;;;;0;;0;;0;;0;;0;;0
Alchemilla sp.2;;0;;0;;0;;0;;0;;0;;0;;0;;0;;0;1%;1;;1;;0;;0;;0;;0;;0;;0;;;;;;;;;;;;0;;0;;0;;;;;;;;;;0;;0;;0;;0;;0;;0
Alnus viridis;5%;1;;0;;0;;0;;0;;0;;0;;0;;0;;0;;0;;0;;0;;0;;0;;0;;0;;0;;;;;;;;;;;;0;;0;;0;;;;;;;;;;0;;0;;0;;0;;0;;0
Androsace adfinis;;0;;0;;0;;0;;0;;0;;0;;0;;0;;0;;0;;0;;0;;0;;0;;0;;0;;0;;;;;;;;;;;;0;;0;;0;;;;;;;;;;0;;0;+;1;;0;;0;;0
Anthyllis vulneraria;;0;+;1;;0;;0;2%;1;+;1;;0;;0;+;1;;0;1%;1;3%;1;;0;;0;;0;;0;;0;;0;;;;;;;;;;;+;1;;0;;0;;;;;;;;;;0;;0;;0;;0;;0;;0
Arabis alpina;+;1;;0;;0;;0;;0;;0;;0;;0;;0;;0;;0;;0;;0;;0;;0;;0;;0;;0;;;;;;;;;;;;0;;0;;0;;;;;;;;;;0;;0;;0;;0;;0;;0
Arenaria sp.;;0;;0;;0;;0;;0;;0;;0;;0;;0;;0;;0;;0;;0;20%;1;;0;;0;;0;;0;;;;;;;;;;;;0;;0;;0;;;;;;;;;;0;;0;;0;;0;;0;;0
Artemisia umbelliformis;;0;;0;;0;;0;;0;;0;;0;;0;;0;;0;;0;;0;;0;;0;;0;;0;;0;+;1;;;;;;;;;;;;0;;0;;0;;;;;;;;;;0;;0;;0;;0;;0;+;1
Asperula cynanchica;;0;;0;;0;;0;;0;+;1;;0;;0;;0;;0;;0;;0;;0;;0;;0;;0;;0;;0;;;;;;;;;;;1;1;;0;;0;;;;;;;;;;0;;0;;0;;0;;0;;0
Betula pendula;3%;1;;0;;0;6%;1;;0;;0;;0;;0;;0;;0;;0;;0;;0;;0;;0;;0;;0;;0;;;;;;;;;;;;0;;0;;0;;;;;;;;;;0;;0;;0;;0;;0;;0
Biscutella laevigata;;0;8%;1;;0;;0;;0;+;1;+;1;;1;;0;;0;;0;;0;;0;;0;;0;;0;;0;;0;;;;;;;;;;;1;1;1;1;;0;;;;;;;;;;0;;0;;0;;0;;0;;0
Botrychum lunaria;;0;;0;;0;;0;;0;;0;;0;;0;;0;;0;;0;;0;;0;;0;;0;+;1;;0;+;1;;;;;;;;;;;;0;;0;;0;;;;;;;;;;0;;0;+;1;+;1;+;1;1;1
Campanula cochlearifolia;;0;;0;;0;;0;;0;;0;;0;;0;;0;;0;+;1;+;1;;0;;0;;0;;0;2%;1;3%;1;;;;;;;;;;;;0;;0;;0;;;;;;;;;;0;;0;;0;;0;;0;2;1
Campanula rotundifolia;;0;;0;;0;;0;;0;1%;1;;0;;0;;0;;0;;0;;0;;0;;0;;0;;0;;0;;0;;;;;;;;;;;;0;;0;;0;;;;;;;;;;0;;0;;0;;0;;0;;0
Campanula scheuchzeri;;0;;0;;0;;0;;0;;0;;0;;0;;0;;0;;0;;0;6%;1;;0;;0;;0;;0;;0;;;;;;;;;;;1;1;;0;;0;;;;;;;;;2;1;;0;;0;;0;;0;;0
Cardamine alpina;;0;;0;;0;;0;;0;;0;;0;;0;;0;;0;;0;;0;;0;;0;;0;+;1;;0;;0;;;;;;;;;;;;0;;0;;0;;;;;;;;;;0;;0;;0;;0;;0;;0
Cardamine resedifolia;;0;;0;;0;;0;;0;;0;;0;;0;;0;;0;;0;;0;;0;;0;+;1;;1;+;1;;0;;;;;;;;;;;;0;;0;;0;;;;;;;;;;0;;0;;0;+;1;1;1;;0
Carduus defloratus;;0;;0;;0;;0;;0;;0;;0;;0;;0;;0;;0;;0;;0;;0;;0;;0;;0;1%;1;;;;;;;;;;;;0;;0;;0;;;;;;;;;;0;;0;;0;;0;;0;1;1
Centaurea nervosa;;0;10%;1;;0;;0;;0;;0;;0;;0;;0;;0;;0;;0;;0;;0;;0;;0;;0;;0;;;;;;;;;;;;0;;0;;0;;;;;;;;;;0;;0;;0;;0;;0;;0
Cerastium alpinum;;0;;0;;0;;0;;0;;0;;0;;0;;0;;0;1%;1;1%;1;;0;;0;;0;;0;;0;;0;;;;;;;;;;;;0;;0;;0;;;;;;;;;;0;;0;;0;;0;;0;;0
Cerastium arvense;;0;;0;;0;+;1;;0;;0;;0;;0;;0;1%;1;;0;;0;+;1;;0;6%;1;;1;;0;;0;;;;;;;;;;;;0;;0;;0;;;;;;;;;1;1;;0;;0;;0;1;1;;0
Clinopodium alpinum;;0;;0;;0;;0;;0;;0;;0;;0;;0;;0;;0;;0;;0;;0;;0;;0;;0;;0;;;;;;;;;;;;0;+;1;;0;;;;;;;;;;0;;0;;0;;0;;0;;0
Coincya richeri;;0;5%;1;;0;;0;;0;;0;;0;;0;;0;;0;;0;;0;;0;;0;;0;;0;;0;;0;;;;;;;;;;;;0;;0;;0;;;;;;;;;;0;;0;;0;;0;;0;;0
Deschampsia flexuosa;;0;;0;;0;;0;;0;;0;3%;1;;1;;0;;0;;0;;0;;0;;0;;0;;0;;0;;0;;;;;;;;;;;10;1;;0;;0;;;;;;;;;;0;2;1;;0;;0;;0;;0
Dianthus saxicola;;0;;0;;0;;0;;0;+;1;;0;;0;;0;;0;;0;;0;;0;;0;;0;;0;;0;;0;;;;;;;;;;;1;1;;0;;0;;;;;;;;;;0;;0;;0;;0;;0;;0
Draba siliquosa;;0;;0;;0;;0;;0;;0;;0;;0;;0;;0;;0;;0;;0;;0;;0;;0;+;1;;0;;;;;;;;;;;;0;;0;;0;;;;;;;;;;0;;0;;0;;0;;0;;0
Epilobium dodonaei;;0;;0;;0;+;1;;0;;0;15%;1;NA;1;;0;;0;;0;;0;;0;;0;;0;NA;1;;0;;0;;;;;;;;;;;;0;;0;;0;;;;;;;;;;0;;0;;0;;0;;0;;0
Epilobium fleischeri;1%;1;5%;1;;0;;0;;0;;0;;0;;0;;0;;0;;0;;0;;0;2%;1;;0;;0;;0;;0;;;;;;;;;;;;0;5;1;;0;;;;;;;;;;0;+;1;;0;;0;;0;;0
Epilobium collinum;;0;;0;;0;;0;;0;;0;;0;;0;;0;+;1;;0;2%;1;;0;;0;;0;;0;;0;;0;;;;;;;;;;;;0;;0;;0;;;;;;;;;;0;;0;;0;;0;;0;;0
Equisetum sp.;;0;;0;;0;;0;;0;;0;;0;;0;;0;;0;1%;1;+;1;;0;;0;;0;;0;;0;;0;;;;;;;;;;;;0;;0;;0;;;;;;;;;;0;;0;;0;;0;;0;;0
Erigeron sp.;;0;;0;;0;;0;;0;;0;;0;;0;;0;;0;;0;;0;;0;;0;3%;1;;1;;0;;0;;;;;;;;;;;;0;;0;;0;;;;;;;;;;0;;0;;0;;0;;0;;0
Erigeron uniflorus;;0;;0;;0;;0;;0;;0;;0;;0;;0;;0;;0;;0;;0;;0;;0;;0;+;1;2%;1;;;;;;;;;;;;0;;0;;0;;;;;;;;;;0;;0;2;1;;0;;0;2;1
Euphorbia cyparissias;+;1;;0;;0;;0;;0;;0;;0;;0;;0;;0;;0;;0;;0;;0;;0;;0;;0;;0;;;;;;;;;;;;0;;0;;0;;;;;;;;;;0;;0;;0;;0;;0;;0
Euphrasia alpina;;0;;0;;0;;0;;0;;0;;0;;0;;0;;0;;0;;0;;0;+;1;;0;;0;;0;;0;;;;;;;;;;;;0;;0;;0;;;;;;;;;;0;;0;;0;;0;;0;;0
Euphrasia minima;;0;;0;;0;;0;;0;;0;;0;;0;;0;;0;;0;;0;;0;;0;;0;;0;;0;+;1;;;;;;;;;;;;0;;0;;0;;;;;;;;;;0;;0;+;1;;0;;0;2;1
Euphrasia salizburgensis;;0;;0;;0;;0;;0;;0;;0;;0;;0;;0;;0;;0;;0;;0;;0;;0;;0;;0;;;;;;;;;;;+;1;;0;;0;;;;;;;;;;0;+;1;;0;;0;;0;;0
Festuca sp.;;0;25%;1;;0;1%;1;;0;;0;3%;1;NA;1;5%;1;3%;1;1%;1;3%;1;;0;30%;1;10%;1;1%;1;8%;1;25%;1;;;;;;;;;;;;0;1;1;;0;;;;;;;;;;0;;0;;0;;0;;0;;0
Festuca quadriflora;;0;;0;;0;;0;;0;;0;;0;;0;;0;;0;;0;;0;;0;;0;;0;;0;;0;;0;;;;;;;;;;;;0;;0;;0;;;;;;;;;;0;24;1;;0;;0;2;1;25;1
Festuca rubra gp.;;0;;0;;0;;0;;0;;0;;0;;0;;0;;0;;0;;0;;0;;0;;0;;0;;0;;0;;;;;;;;;;;12;1;;0;1;1;;;;;;;;;;0;;0;;0;;0;;0;;0
Festuca violacea;;0;;0;;0;;0;;0;;0;;0;;0;;0;;0;;0;;0;10%;1;;0;;0;;0;;0;;0;;;;;;;;;;;;0;;0;;0;;;;;;;;;4;1;;0;5;1;+;1;1;1;;0
Galium obliquum;;0;;0;;0;;0;;0;;0;;0;;0;;0;;0;;0;;0;;0;;0;;0;;0;;0;;0;;;;;;;;;;;1;1;;0;;0;;;;;;;;;;0;;0;;0;;0;;0;;0
Galium pumilum;;0;;0;;0;;0;;0;;0;;0;;0;;0;;0;;0;;0;;0;;0;;0;;0;;0;;0;;;;;;;;;;;;0;;0;1;1;;;;;;;;;;0;;0;;0;;0;;0;;0
Galium sp.;;0;;0;;0;;0;;0;;0;;0;;0;1%;1;;0;;0;;0;;0;;0;;0;;0;;0;;0;;;;;;;;;;;;0;;0;;0;;;;;;;;;;0;;0;;0;;0;;0;;0
Globularia bisnagarica;;0;;0;;0;;0;;0;5%;1;;0;;0;;0;;0;;0;;0;;0;;0;;0;;0;;0;;0;;;;;;;;;;;;0;;0;;0;;;;;;;;;;0;;0;;0;;0;;0;;0
Globularia cordifolia;;0;;0;;0;;0;;0;;0;;0;;0;;0;;0;;0;;0;;0;;0;;0;;0;;0;;0;;;;;;;;;;;4;1;;0;;0;;;;;;;;;;0;;0;;0;;0;;0;;0
Helictotrichon sedenense;;0;;0;;0;;0;;0;;0;;0;;0;;0;;0;;0;;0;;0;;0;;0;;0;;0;;0;;;;;;;;;;;;0;1;1;;0;;;;;;;;;;0;;0;;0;;0;;0;;0
Helictotrichon sempervirens;;0;8%;1;;0;;0;;0;;0;;0;;0;;0;;0;;0;;0;;0;;0;;0;;0;;0;;0;;;;;;;;;;;;0;;0;;0;;;;;;;;;;0;;0;;0;;0;;0;;0
Helianthemum nummularium;;0;;0;;0;;0;;0;;0;;0;;0;;0;;0;;0;;0;;0;;0;;0;;0;;0;;0;;;;;;;;;;;1;1;;0;;0;;;;;;;;;;0;;0;;0;;0;;0;;0
Hieracium morisianum;;0;+;1;;0;;0;;0;;0;;0;;0;;0;;0;;0;;0;;0;;0;;0;;0;;0;;0;;;;;;;;;;;;0;;0;;0;;;;;;;;;;0;;0;;0;;0;;0;;0
Hieracium piliferum;;0;;0;;0;;0;;0;;0;;0;;0;;0;;0;;0;;0;;0;;0;;0;;0;;0;+;1;;;;;;;;;;;;0;;0;;0;;;;;;;;;;0;;0;;0;;0;;0;1;1
Hieracium umbrosum;;0;;0;;0;NA;1;;0;;0;;0;;0;;0;;0;;0;;0;;0;;0;;0;;0;;0;;0;;;;;;;;;;;;0;;0;;0;;;;;;;;;;0;;0;;0;;0;;0;;0
Hieracium sp.;;0;;0;;0;;0;;0;;0;;0;;0;;0;;0;;0;;0;;0;;0;;0;;0;;0;;0;;;;;;;;;;;;0;;0;;0;;;;;;;;;;0;;0;;0;;0;;0;;0
Hippophae rhamnoides;;0;;0;;0;3%;1;;0;;0;;0;;0;;0;;0;;0;;0;;0;;0;;0;;0;;0;;0;;;;;;;;;;;;0;;0;;0;;;;;;;;;;0;;0;;0;;0;;0;;0
Imperatoria ostruthium;;0;;0;;0;;0;;0;;0;;0;;0;;0;+;1;1%;1;+;1;;0;;0;;0;;0;;0;;0;;;;;;;;;;;;0;;0;;0;;;;;;;;;+;1;;0;;0;;0;;0;;0
Jacobaea incana;;0;;0;;0;;0;;0;;0;;0;;0;;0;;0;;0;;0;;0;;0;6%;1;;1;;0;;0;;;;;;;;;;;;0;;0;;0;;;;;;;;;;0;;0;1;1;;0;;0;;0
Juncus trifidus;;0;;0;;0;;0;;0;;0;;0;;0;;0;;0;;0;;0;;0;;0;10%;1;;0;;0;;0;;;;;;;;;;;;0;;0;;0;;;;;;;;;;0;;0;5;1;;0;;0;;0
Larix decidua;;0;;0;;0;;0;;0;;0;;0;;0;;0;;0;;0;;0;;0;;0;;0;;0;;0;;0;;;;;;;;;;;+;1;;0;;0;;;;;;;;;;0;;0;;0;;0;;0;;0
Leontodon hispidus;;0;;0;;0;;0;;0;;0;;0;;0;;0;1%;1;;0;;0;;0;;0;;0;;0;;0;;0;;;;;;;;;;;;0;;0;;0;;;;;;;;;;0;;0;;0;;0;;0;;0
Leontodon pyrenaicus;;0;+;1;;0;;0;;0;;0;;0;;0;;0;;0;;0;;0;;0;;0;;0;;0;;0;;0;;;;;;;;;;;;0;;0;;0;;;;;;;;;;0;;0;;0;;0;;0;;0
Leontodon sp.;;0;;0;;0;;0;;0;;0;;0;;0;1%;1;5%;1;;0;+;1;;0;;0;;0;;0;;0;;0;;;;;;;;;;;;0;;0;;0;;;;;;;;;;0;;0;;0;;0;;0;;0
Leucanthemopsis alpina;;0;;0;;0;;0;;0;;0;;0;;0;;0;;0;;0;;0;+;1;;0;2%;1;;1;;0;5%;1;;;;;;;;;;;;0;;0;;0;;;;;;;;;+;1;;0;+;1;+;1;;0;1;1
Lotus alpinus;;0;;0;;0;;0;;0;;0;;0;;0;;0;;0;;0;;0;20%;1;;0;;0;;0;1%;1;3%;1;;;;;;;;;;;1;1;;0;;0;;;;;;;;;20;1;;0;2;1;;0;1;1;3;1
Lotus corniculatus;;0;;0;;0;;0;;0;1%;1;;0;;0;5%;1;;0;2%;1;1%;1;;0;;0;6%;1;;1;;0;;0;;;;;;;;;;;;0;;0;;0;;;;;;;;;;0;;0;;0;;0;;0;;0
Luzula spicata;;0;;0;;0;;0;;0;;0;;0;;0;;0;;0;+;1;1%;1;;0;;0;;0;;0;;0;;0;;;;;;;;;;;;0;;0;;0;;;;;;;;;;0;;0;;0;;0;;0;;0
Melampyrum pratense;;0;;0;;0;3%;1;;0;;0;;0;;0;;0;;0;;0;;0;;0;;0;;0;;0;;0;;0;;;;;;;;;;;;0;;0;;0;;;;;;;;;;0;;0;;0;;0;;0;;0
Minuartia laricifolia;;0;;0;;0;;0;;0;8%;1;;0;;0;;0;;0;;0;;0;;0;;0;;0;;0;3%;1;3%;1;;;;;;;;;;;8;1;;0;;0;;;;;;;;;;0;12;1;;0;;0;;0;1;1
Minuartia sedoides;;0;;0;;0;;0;;0;;0;;0;;0;;0;;0;;0;;0;;0;;0;;0;;0;6%;1;;0;;;;;;;;;;;;0;;0;;0;;;;;;;;;;0;;0;;0;;0;1;1;;0
Minuartia verna;;0;;0;;0;;0;;0;;0;;0;;0;;0;;0;;0;;0;;0;;0;;0;;0;;0;;0;;;;;;;;;;;;0;;0;;0;;;;;;;;;;0;;0;;0;;0;2;1;;0
Myosotis alpestris;;0;;0;;0;;0;;0;;0;;0;;0;;0;;0;;0;;0;3%;1;;0;;0;;0;;0;;0;;;;;;;;;;;;0;;0;;0;;;;;;;;;5;1;;0;;0;;0;;0;;0
Oxtryopis campestris;;0;;0;;0;3%;1;;0;;0;;0;;0;;0;;0;;0;;0;;0;;0;;0;;0;;0;;0;;;;;;;;;;;;0;;0;;0;;;;;;;;;;0;;0;;0;;0;;0;;0
Pilosella officinarum;;0;;0;;0;;0;;0;2%;1;;0;;0;;0;;0;;0;;0;;0;;0;;0;;0;;0;;0;;;;;;;;;;;+;1;;0;;0;;;;;;;;;;0;;0;;0;;0;;0;;0
Pilosella sp.;;0;+;1;;0;;0;;0;;0;;0;;0;;0;;0;;0;;0;;0;;0;;0;;0;;0;;0;;;;;;;;;;;;0;;0;;0;;;;;;;;;;0;;0;;0;;0;;0;;0
Plantago maritima ssp. serpentina;;0;8%;1;;0;;0;;0;1%;1;;0;;0;;0;;0;;0;;0;;0;;0;;0;;0;;0;;0;;;;;;;;;;;1;1;;0;;0;;;;;;;;;;0;;0;;0;;0;;0;;0
Poa alpina;;0;;0;;0;;0;;0;;0;;0;;0;;0;3%;1;+;1;2%;1;;0;;0;6%;1;2%;1;12%;1;4%;1;;;;;;;;;;;+;1;;0;;0;;;;;;;;;1;1;;0;+;1;1;1;6;1;3;1
Poa cenisia;;0;;0;;0;;0;;0;;0;5%;1;;1;;0;;0;;0;;0;10%;1;;0;;0;;0;;0;;0;;;;;;;;;;;;0;1;1;+;1;;;;;;;;;8;1;;0;;0;;0;;0;;0
Poa nemoralis;;0;;0;;0;;0;;0;;0;;0;;0;;0;1%;1;;0;;0;;0;;0;;0;;0;;0;;0;;;;;;;;;;;;0;;0;;0;;;;;;;;;;0;;0;;0;;0;;0;;0
Poa sp;;0;;0;;0;;0;;0;;0;;0;;0;20%;1;;0;;0;;0;;0;;0;;0;;0;;0;;0;;;;;;;;;;;;0;;0;;0;;;;;;;;;;0;;0;;0;;0;;0;;0
Polytrichum sp.;;0;;0;;0;;0;;0;;0;;0;;0;;0;;0;;0;;0;;0;10%;1;60%;1;+;1;5%;1;;0;;;;;;;;;;;;0;;0;;0;;;;;;;;;;0;;0;;0;;0;;0;;0
Potentille verna;;0;;0;;0;;0;;0;10%;1;;0;;0;;0;;0;;0;;0;;0;;0;;0;;0;;0;;0;;;;;;;;;;;10;1;;0;;0;;;;;;;;;;0;;0;;0;;0;;0;;0
Rhinanthus minor;;0;;0;;0;;0;;0;;0;;0;;0;;0;;0;;0;;0;;0;;0;;0;;0;;0;;0;;;;;;;;;;;;0;;0;;0;;;;;;;;;;0;+;1;;0;;0;;0;;0
Rosa sp.;;0;;0;;0;+;1;;0;+;1;;0;;0;;0;;0;;0;;0;;0;;0;;0;;0;;0;;0;;;;;;;;;;;;0;;0;;0;;;;;;;;;;0;;0;;0;;0;;0;;0
Rumex scutatus;;0;;0;;0;;0;;0;;0;;0;NA;1;;0;1%;1;1%;1;;1;;0;;0;;0;;0;;0;;0;;;;;;;;;;;;0;+;1;1;1;;;;;;;;;;0;;0;;0;;0;;0;;0
Sagina glabra;;0;;0;;0;;0;;0;;0;;0;;0;;0;;0;2%;1;+;1;;0;;0;10%;1;;1;;0;;0;;;;;;;;;;;;0;;0;;0;;;;;;;;;;0;;0;2;1;;0;;0;;0
Salix breviserrata;+;1;;0;;0;;0;;0;;0;;0;;0;;0;;0;;0;;0;;0;;0;;0;;0;;0;;0;;;;;;;;;;;;0;;0;;0;;;;;;;;;;0;;0;;0;;0;;0;;0
Salix daphnoides;;0;;0;;0;;0;;0;;0;;0;;0;;0;;0;;0;;0;;0;;0;;0;;0;;0;;0;;;;;;;;;;;;0;;0;+;1;;;;;;;;;;0;;0;;0;;0;;0;;0
Salix eleagnos;;0;;0;10%;1;8%;1;20%;1;;0;;0;;0;;0;;0;;0;;0;;0;;0;;0;;0;;0;;0;;;;;;;;;;;;0;;0;;0;;;;;;;;;;0;;0;;0;;0;;0;;0
Salix purpurea;;0;;0;;0;+;1;;0;;0;;0;;0;;0;;0;;0;;0;;0;;0;;0;;0;;0;;0;;;;;;;;;;;;0;;0;;0;;;;;;;;;;0;;0;;0;;0;;0;;0
Salix sp.;;0;;0;;0;;0;2%;1;;0;;0;;0;;0;;0;;0;;0;;0;;0;;0;;0;;0;;0;;;;;;;;;;;;0;;0;;0;;;;;;;;;;0;;0;;0;;0;;0;;0
Saxifraga aizoides;;0;;0;;0;;0;;0;;0;;0;;0;;0;;0;1%;1;;1;;0;;0;;0;;0;;0;;0;;;;;;;;;;;;0;;0;;0;;;;;;;;;;0;;0;;0;;0;;0;;0
Saxifraga bryoides;;0;;0;;0;;0;;0;;0;;0;;0;;0;;0;;0;;0;;0;;0;;0;;0;;0;;0;;;;;;;;;;;;0;;0;;0;;;;;;;;;;0;;0;;0;;0;;0;+;1
Saxifraga exarata;;0;;0;;0;;0;;0;;0;;0;;0;;0;;0;;0;;0;;0;;0;;0;;0;;0;1%;1;;;;;;;;;;;;0;;0;;0;;;;;;;;;;0;;0;;0;;0;;0;1;1
Saxifraga moschata;;0;;0;;0;;0;;0;;0;;0;;0;;0;;0;;0;;0;;0;;0;;0;;0;;0;;0;;;;;;;;;;;+;1;;0;;0;;;;;;;;;;0;;0;;0;;0;;0;;0
Saxifraga paniculata;;0;;0;;0;;0;;0;1%;1;;0;;0;;0;;0;;0;;0;1%;1;;0;;0;;0;;0;;0;;;;;;;;;;;+;1;;0;;0;;;;;;;;;1;1;;0;;0;;0;;0;;0
Sedum album;;0;;0;;0;;0;;0;4%;1;;0;;0;;0;;0;;0;;0;;0;;0;;0;;0;;0;;0;;;;;;;;;;;;0;;0;;0;;;;;;;;;;0;;0;;0;;0;;0;;0
Sedum alpestre;;0;;0;;0;;0;;0;;0;;0;;0;;0;;0;+;1;;0;1%;1;;0;;0;;0;;0;;0;;;;;;;;;;;;0;;0;;0;;;;;;;;;1;1;+;1;;0;;0;;0;;0
Sedum dasyphyllum;;0;;0;;0;;0;;0;;0;;0;;0;;0;;0;;0;;0;;0;;0;;0;;0;;0;;0;;;;;;;;;;;+;1;;0;;0;;;;;;;;;;0;;0;;0;;0;;0;;0
Sedum montanum;;0;;0;;0;;0;;0;1%;1;1%;1;;1;;0;;0;;0;;0;1%;1;;0;+;1;;1;;0;;0;;;;;;;;;;;+;1;1;1;;0;;;;;;;;;;0;;0;;0;;0;;0;;0
Sempervivum arachnoideum;;0;5%;1;;0;5%;1;;0;4%;1;;0;;0;;0;;0;;0;;0;;0;4%;1;;0;;0;5%;1;1%;1;;;;;;;;;;;4;1;2;1;;0;;;;;;;;;;0;1;1;+;1;;0;10;1;;0
Sempervivum montanum;;0;;0;;0;;0;;0;;0;;0;;0;;0;;0;;0;;0;;0;;0;;0;;0;;0;;0;;;;;;;;;;;;0;;0;;0;;;;;;;;;2;1;;0;+;1;;0;;0;;0
Silene acaulis bryoides;;0;;0;;0;;0;;0;;0;;0;;0;;0;;0;;0;;0;;0;;0;;0;;0;;0;3%;1;;;;;;;;;;;;0;;0;;0;;;;;;;;;;0;;0;;0;;0;3;1;3;1
Silene otites;;0;15%;1;;0;;0;;0;;0;;0;;0;;0;;0;;0;;0;;0;;0;;0;;0;;0;;0;;;;;;;;;;;;0;;0;;0;;;;;;;;;;0;;0;;0;;0;;0;;0
Silene vulgaris prostrata;;0;;0;;0;;0;;0;;0;;0;;0;NA;1;1%;1;;0;;0;;0;;0;;0;;0;;0;;0;;;;;;;;;;;;0;;0;;0;;;;;;;;;;0;;0;;0;;0;;0;;0
Solidago virgaurea;;0;;0;;0;;0;;0;;0;;0;;0;;0;;0;;0;;0;;0;;0;;0;;0;;0;;0;;;;;;;;;;;;0;+;1;;0;;;;;;;;;;0;;0;;0;;0;;0;;0
Sorbus aria;;0;;0;;0;;0;;0;;0;;0;;0;;0;;0;;0;;0;;0;;0;;0;;0;;0;;0;;;;;;;;;;;+;1;;0;;0;;;;;;;;;;0;;0;;0;;0;;0;;0
Taraxacum sp.;;0;;0;;0;;0;;0;;0;;0;;0;;0;;0;2%;1;;1;;0;;0;;0;;0;2%;1;;0;;;;;;;;;;;;0;;0;;0;;;;;;;;;;0;;0;;0;;0;2;1;;0
Thesium alpinum;;0;;0;;0;;0;;0;;0;;0;;0;;0;;0;;0;;0;;0;;0;;0;;0;;0;;0;;;;;;;;;;;;0;;0;;0;;;;;;;;;;0;;0;;0;;0;;0;;0
Thesium sp. ;;0;+;1;;0;+;1;;0;;0;;0;;0;;0;;0;;0;;0;;0;;0;;0;;0;;0;;0;;;;;;;;;;;;0;;0;;0;;;;;;;;;;0;;0;;0;;0;;0;;0
Thymus praecox s.l.;;0;;0;;0;NA;1;;0;2%;1;;0;;0;45%;1;;0;;0;;0;;0;4%;1;2%;1;+;1;;0;;0;;;;;;;;;;;;0;;0;;0;;;;;;;;;;0;;0;;0;;0;;0;;0
Thymus pullegiodes;;0;;0;;0;;0;;0;;0;;0;;0;;0;;0;;0;;0;;0;;0;;0;;0;;0;7%;1;;;;;;;;;;;2;1;;0;;0;;;;;;;;;;0;2;1;1;1;2;1;;0;4;1
Tolpis staticifolia;;0;+;1;;0;;0;5%;1;;0;10%;1;NA;1;;0;;0;1%;1;;1;15%;1;;0;;0;2%;1;;0;;0;;;;;;;;;;;;0;5;1;2;1;;;;;;;;;8;1;;0;;0;1;1;;0;;0
Trifolium badium;;0;;0;;0;;0;;0;;0;;0;;0;;0;3%;1;5%;1;15%;1;;0;;0;;0;;0;;0;5%;1;;;;;;;;;;;;0;;0;;0;;;;;;;;;;0;;0;;0;;0;;0;12;1
Trifolium campestre villosum;;0;;0;;0;;0;;0;;0;;0;;0;;0;+;1;;0;;0;;0;;0;;0;;0;;0;;0;;;;;;;;;;;;0;;0;;0;;;;;;;;;;0;;0;;0;;0;;0;;0
Trifolium pallescens;;0;+;1;;0;;0;+;1;;0;NA;1;;1;5%;1;1%;1;;0;+;1;;0;+;1;;0;;0;8%;1;12%;1;;;;;;;;;;;2;1;1;1;;0;;;;;;;;;;0;;0;;0;;0;4;1;8;1
Trifolium saxatile;5%;1;+;1;8%;1;;0;20%;1;2%;1;10%;1;NA;1;5%;1;15%;1;5%;1;15%;1;8%;1;8%;1;4%;1;2%;1;3%;1;6%;1;;;;;;;;;;;1;1;2;1;8;1;;;;;;;;;;0;;0;1;1;1;1;4;1;2;1
Trifolium sp.;;0;;0;;0;;0;;0;8%;1;;0;;0;;0;;0;;0;;0;;0;;0;;0;;0;;0;;0;;;;;;;;;;;;0;;0;;0;;;;;;;;;;0;;0;;0;;0;;0;;0
Trifolium thalii;;0;;0;;0;;0;;0;;0;;0;;0;;0;;0;;0;;0;3%;1;;0;7%;1;;1;;0;;0;;;;;;;;;;;;0;;0;;0;;;;;;;;;2;1;;0;4;1;+;1;;0;;0
Tussilago farfara;;0;;0;;0;;0;;0;;0;;0;;0;;0;15%;1;;0;20%;1;;0;;0;;0;;0;;0;;0;;;;;;;;;;;;0;;0;;0;;;;;;;;;;0;;0;;0;;0;;0;;0
Veronica aphylla;;0;;0;;0;;0;;0;;0;;0;;0;;0;;0;;0;;0;;0;;0;;0;;0;;0;1%;1;;;;;;;;;;;;0;;0;;0;;;;;;;;;;0;;0;;0;;0;;0;+;1
Veronica fruticans;;0;+;1;;0;;0;;0;2%;1;;0;;0;;0;;0;;0;;0;8%;1;3%;1;6%;1;;0;;0;3%;1;;;;;;;;;;;1;1;;0;;0;;;;;;;;;1;1;1;1;1;1;+;1;;0;1;1
Veronica sp.;;0;;0;;0;;0;;0;;0;;0;;0;;0;;0;;0;+;1;;0;;0;;0;;0;;0;;0;;;;;;;;;;;;0;;0;;0;;;;;;;;;;0;;0;;0;;0;;0;;0
Vincetoxicum hirrudinaria;;0;;0;;0;;0;;0;+;1;;0;;0;;0;;0;;0;;0;;0;;0;;0;;0;;0;;0;;;;;;;;;;;+;1;;0;;0;;;;;;;;;;0;;0;;0;;0;;0;;0
;;0;;0;;0;;0;;0;;0;;0;;0;;0;;0;;0;;0;;0;;0;;0;;0;;0;;0;;;;;;;;;;;;;;;;;;;;;;;;;;;;;;;;;;;;
;;0;;0;;0;;0;;0;;0;;0;;0;;0;;0;;0;;0;;0;;0;;0;;0;;0;;0;;;;;;;;;;;;;;;;;;;;;;;;;;;;;;;;;;;;
;;0;;0;;0;;0;;0;;0;;0;;0;;0;;0;;0;;0;;0;;0;;0;;0;;0;;0;;ATTENTION : les données au propore sont dans data-bota-prabs;;;;;;;;;;;;;;;;;;;;;;;;;;;;;;;;;;
;;0;;0;;0;;0;;0;;0;;0;;0;;0;;0;;0;;0;;0;;0;;0;;0;;0;;0;;;;;;;;;;;;;;;;;;;;;;;;;;;;;;;;;;;;
RF;;7;;18;;2;;15;;6;;23;;9;;10;;11;;15;;20;;23;;14;;11;;18;;20;;15;;22;;;;;;;;;;;;;;;;;;;;;;;;;;;;;;;;;;;;
RF;;;;;;;;;;;;;;;;;;;;;;;;;;;;;;;;;;;;;;;;;;;;;;;;;;;;;;;;;;;;;;;;;;;;;;;;
BER _ carrelet;7;;;;;;;;;;;;;;;;;;;;;;;;;;;;;;;;;;;;;;;;;;;;;;;;;;;;;;;;;;;;;;;;;;;;;;;
BER_carrelet_rip;18;;;;;;;;;;;;;;;;;;;;;;;;;;;;;;;;;;;;;;;;;;;;;;;;;;;;;;;;;;;;;;;;;;;;;;;
BER _ clapier;2;;;;;;;;;;;;;;;;;;;;;;;;;;;;;;;;;;;;;;;;;;;;;;;;;;;;;;;;;;;;;;;;;;;;;;;
BER_LAC1 rip;15;;;;;;;;;;;;;;;;;;;;;;;;;;;;;;;;;;;;;;;;;;;;;;;;;;;;;;;;;;;;;;;;;;;;;;;
BER_LAC2 torr;6;;;;;;;;;;;;;;;;;;;;;;;;;;;;;;;;;;;;;;;;;;;;;;;;;;;;;;;;;;;;;;;;;;;;;;;
EYCH_meleze;23;;;;;;;;;;;;;;;;;;;;;;;;;;;;;;;;;;;;;;;;;;;;;;;;;;;;;;;;;;;;;;;;;;;;;;;
EYCH_torr;10;;;;;;;;;;;;;;;;;;;;;;;;;;;;;;;;;;;;;;;;;;;;;;;;;;;;;;;;;;;;;;;;;;;;;;;
STANDRE_arpont;11;;;;;;;;;;;;;;;;;;;;;;;;;;;;;;;;;;;;;;;;;;;;;;;;;;;;;;;;;;;;;;;;;;;;;;;
STANDRE_planay_haut;15;;;;;;;;;;;;;;;;;;;;;;;;;;;;;;;;;;;;;;;;;;;;;;;;;;;;;;;;;;;;;;;;;;;;;;;
STANDRE_planay_TORR;23;;;;;;;;;;;;;;;;;;;;;;;;;;;;;;;;;;;;;;;;;;;;;;;;;;;;;;;;;;;;;;;;;;;;;;;
VALL_glac_bl;14;;;;;;;;;;;;;;;;;;;;;;;;;;;;;;;;;;;;;;;;;;;;;;;;;;;;;;;;;;;;;;;;;;;;;;;
VALL_mor_bas;11;;;;;;;;;;;;;;;;;;;;;;;;;;;;;;;;;;;;;;;;;;;;;;;;;;;;;;;;;;;;;;;;;;;;;;;
VALL_mor_haut;20;;;;;;;;;;;;;;;;;;;;;;;;;;;;;;;;;;;;;;;;;;;;;;;;;;;;;;;;;;;;;;;;;;;;;;;
VILL_bas;15;;;;;;;;;;;;;;;;;;;;;;;;;;;;;;;;;;;;;;;;;;;;;;;;;;;;;;;;;;;;;;;;;;;;;;;
VILL_haut;22;;;;;;;;;;;;;;;;;;;;;;;;;;;;;;;;;;;;;;;;;;;;;;;;;;;;;;;;;;;;;;;;;;;;;;;
